id,title
1,福斯家庭電影頻道
2,六羰基鎢
3,吉米·史奴卡
4,達文波特-欣策爾序列
5,米基爾·安祖·莫亞
6,天主教艾因西德倫自治會院區
7,六羰基鉻
8,旅遊頻道
9,俄羅斯聯邦功勳軍事領航員
10,丁卯風災
11,法老之蛇 (爆竹)
12,第三帝國 (消歧義)
13,奧吉拉
14,Voseo
15,2014年印度尼西亞總統選舉
16,甘油酯
17,Super Show 6
18,成公亮
19,阿爾弗雷德·多梅特
20,弗雷德裏克·惠塔克
21,報告班長7 勇往直前
22,任俠
23,鄧州南朝彩色畫像磚
24,騰飛中國
25,地球宣言
26,大湖觀音亭
27,拉克蘭·梅鐸
28,莎拉·梅鐸
29,艾歐史密斯
30,喬納森·格羅夫
31,延吉修道院
32,郭正鋼
33,臺中市公車353路
34,臺中市公車藍6路
35,臺中市公車藍7路
36,臺中市公車藍12路
37,倭館修道院
38,媒體偏見
39,司徒喬
40,楊青 (古琴演奏家)
41,谷口維紹
42,平泉車站
43,世界新聞報 (中國)
44,名人面對面
45,阿拉木圖中央體育場
46,勇者有點太囂張G
47,印度－尼日利亞關係
48,芬恩·維特羅克
49,雞龍站
50,黑石裏站
51,佳水院站
52,土城國民運動中心
53,羣山貨物線
54,阿塔拉里克
55,音樂唱片銷售認證
56,井邑站
57,問答神州
58,印度－波蘭關係
59,長項貨物線
60,富國島 (臺灣)
61,董德欽
62,聖託納
63,桂建芳
64,阿蘭·勒羅伊·洛克
65,精靈鼠小弟2
66,精靈鼠小弟3
67,方立天
68,易卜拉欣·哈基米
69,冰島－印度關係
70,張劍寒
71,姐姐我醉大
72,泰國公共衛生部
73,銀鯽
74,大地康雄
75,小義大利
76,香薰 (專輯)
77,獅子與太陽
78,大侏儒雲鼠
79,純屬印象
80,路易-約瑟夫 (法國王太子)
81,巖槻城
82,阿克爾
83,The Groove In Me
84,周城A縣
85,橄欖背林鴝
86,埃裏克 (羅森堡伯爵)
87,二氧化鐠
88,二氧化鋱
89,2014－15年度香港超級聯賽
90,舉頭美
91,馬鞍山號導彈護衛艦
92,人間中毒
93,俄羅斯－南奧塞梯關係
94,藍浦線
95,麥羅埃
96,F3F戰鬥機
97,哈桑·賓·塔拉勒 (約旦王子)
98,GameTrailers
99,南薩默塞特
100,塔米娜·史奴卡
